ID;Hora de inicio;Hora de finalización;Correo electrónico;Nombre;¿Cuál es su edad?;¿De dónde es tu procedencia natal?;¿Cuál es su genero?;¿Actualmente cuentas con un trabajo?;¿Qué carrera estas estudiando?;¿En que año de la carrera estas cursando?;¿Te consideras autodidacta?;Cientifico;Tecnológico;Matemáticos;Literarios;¿Consideras que el tiempo que dispones para estudiar es muy poco?;¿Tienes buen acceso a Internet?;¿Cuál es la gama de tu computadora?;¿Qué nivel de habilidades de programación consideras tener para desarrollar aplicaciones simples?;¿Con cuáles de los siguientes lenguajes de programación has desarrollado software?;Física cuántica;Arquitectura de computadoras;Programación;Diseño de compiladores;Matemáticas;¿Qué tan informado te sientes sobre los últimos avances científicos y tecnológicos?;¿Crees que la información científica está disponible y accesible para la población en general?;¿Has participado alguna vez en eventos de divulgación científica, como charlas, conferencias o ferias?;¿En que ámbitos se alinean las charlas y conferencias a las cuales has asistido?;"¿Crees que las infografías pueden contribuir a una mayor divulgación científica de temas disruptivos? 

(Las tecnologías disruptivas son innovaciones que llegan para sustituir un proceso, un produ...";¿Cómo clasificarías el nivel de divulgación científica en la sociedad actual?;¿Crees que la falta de interés del público es la principal causa de la poca divulgación científica?;¿Crees que la falta de presupuesto es la principal causa de la poca divulgación científica?;¿Crees que las universidades deberían incluir más contenido científico en su currículo?;¿Crees que las universidades deberían incluir más contenido profesionalizante en su currículo?;"Según lo que consideres, ¿Cuál es el grado de responsabilidad en la divulgación científica de los siguientes involucrados?

(Ordena de forma descendente, siendo el de mayor importancia quien se en...";¿Habías escuchado sobre la computación cuántica?;"Del 1 al 5 ¿Cuánto interés tienes sobre la tecnología cuántica?
";¿Considera que hay información necesaria para aprender sobre estas tecnologías?;¿Has visto alguna infografía sobre computación cuántica antes de esta encuesta?;¿Crees que las infografías son más efectivas que otros medios para aprender sobre computación cuántica?;¿Cree que se debería invertir más en la investigación y el desarrollo de la computación cuántica?;¿Cree que la computación cuántica tiene el potencial de cambiar el mundo de manera significativa?;¿Cree que la computación cuántica tendrá un impacto significativo en la industria y la tecnología en el futuro?;¿Crees que los docentes de la universidad incentivan la investigación científica y la innovación tecnológica?;¿Crees que en la UNAH no se incentiva la investigación científica ni la innovación tecnológica?;¿Consideras que hay una conexión sobre la computación cuántica respecto a las temáticas de las clases que has cursado?;"¿Cuáles son esas clases?
";¿Qué tan interesado estaría en participar en una investigación relacionada con un tema disruptivo en su campo de estudio?;¿Consideraría importante tener la oportunidad de participar en investigaciones sobre temas disruptivos en su carrera académica?;Big Data;Inteligencia Artificial;Ciberseguridad;Blockchain;Realidad virtual y aumentada;Nanotecnología;¿Considera que hay información necesaria para aprender sobre estas tecnologías?2
1;45014.98198;45014.98453;anonymous;;22-27;Zona Rural;Masculino;No;Ingeniería en Sistemas;Quinto año o más;Si;5;5;4;5;Si;Si;Media;Alta;"JavaScript;Python;C++;Rust;";Experto;Alto;Experto;Alto;Medio;4;Si;Si;"Tecnologicas;Literarias;";Si;Media;Si;;Si;No;"Cientifica;Jefe de departamento;Docentes;Estudiantes;Publico en general;";Si;5;Si;No;Si;Si;Si ;Si;No se;No;Si;"Arquitectura de computadoras;Inteligencia Artificial;";10;Si;2;4;5;5;4;3;No se
2;45015.547;45015.55063;anonymous;;22-27;Zona Urbana;Masculino;No;Ingeniería en Sistemas;Quinto año o más;Si;5;5;3;2;Si;Si;Alta;Media;"Python;JavaScript;C++;";Nulo;Medio;Alto;Bajo;Medio;3;Si;Si;"Fisicas;Tecnologicas;";Si;Media;Si;;Si;Si;"Estudiantes;Docentes;Jefe de departamento;Cientifica;Publico en general;";Si;4;No;No;No;Si;Si ;Si;No;Si;Si;"Arquitectura de computadoras;Diseño Digital;Inteligencia Artificial;";7;Si;4;4;4;4;4;4;No
3;45015.54801;45015.55294;anonymous;;17-21;Zona Urbana;Masculino;Si;Ingeniería en Sistemas;Tercer año;Si;5;5;5;4;Si;Si;Media;Alta;"JavaScript;";Bajo;Medio;Alto;Bajo;Medio;5;No;Si;"Tecnologicas;";Si;Baja;No;Si;Si;Si;"Cientifica;Docentes;Estudiantes;Jefe de departamento;Publico en general;";Si;4;Si;Si;Si;No;Si ;Si;No;Si;No;;9;Si;5;5;5;1;3;5;Si
4;45015.57981;45015.58434;anonymous;;17-21;Zona Urbana;Masculino;No;Licenciatura en Física;Segundo año;Si;4;3;4;3;No;Si;Media;Media;"C++;";Alto;Medio;Medio;Medio;Alto;4;Si;Si;"Matemáticas;";Si;Baja;Si;;Si;Si;"Estudiantes;Publico en general;Cientifica;Jefe de departamento;Docentes;";Si;3;Si;No;Si;Si;Si ;Si;No;Si;No;;6;Si;3;3;4;3;4;3;No
5;45015.73431;45015.73738;anonymous;;22-27;Zona Rural;Masculino;No;Ingeniería en Sistemas;Quinto año o más;Si;3;5;3;2;Si;Si;Media;Media;"C++;JavaScript;Python;";Medio;Medio;Medio;Bajo;Alto;3;No;Si;"Tecnologicas;Matemáticas;";No;Baja;Si;;Si;Si;"Jefe de departamento;Publico en general;Docentes;Cientifica;Estudiantes;";No;;;No;No;No se;No se;No se;No;No;No;;5;No;3;3;3;2;2;2;No se
6;45015.73456;45015.73882;anonymous;;22-27;Zona Rural;Femenino;No;Ingeniería en Sistemas;Quinto año o más;No;4;4;2;4;No;Si;Media;Media;"GO;Python;C++;Java;";Nulo;Medio;Medio;Medio;Bajo;2;No;No;;Si;Baja;Si;;Si;Si;"Cientifica;Jefe de departamento;Docentes;Estudiantes;Publico en general;";No;;;No;No;Si;Si ;Si;No se;No;Si;"Arquitectura de computadoras;Diseño Digital;Inteligencia Artificial;";8;Si;5;3;5;3;5;5;No se
7;45015.73385;45015.74352;anonymous;;22-27;Zona Urbana;Masculino;Si;Ingeniería en Sistemas;Quinto año o más;No;2;3;2;1;Si;Si;Alta;Media;"Python;C++;java;";Nulo;Medio;Medio;Medio;Medio;3;Si;Si;"Tecnologicas;";Si;Media;Si;;Si;Si;"Cientifica;Jefe de departamento;Docentes;Estudiantes;Publico en general;";Si;5;Si;No;No;Si;Si ;Si;Si;No;Si;"Arquitectura de computadoras;Diseño Digital;Inteligencia Artificial;";7;Si;3;2;3;1;3;2;Si
8;45015.74648;45015.75005;anonymous;;22-27;Zona Urbana;Masculino;No;Ingeniería en Sistemas;Quinto año o más;Si;3;4;4;3;Si;Si;Media;Media;"Python;JavaScript;";Bajo;Bajo;Medio;Bajo;Medio;3;Si;Si;"Tecnologicas;Fisicas;";Si;Media;Si;;Si;Si;"Docentes;Publico en general;Estudiantes;Jefe de departamento;Cientifica;";Si;3;No;No;Si;Si;Si ;Si;No;No;No;;6;Si;5;5;5;5;4;4;No se
9;45015.81678;45015.82288;anonymous;;22-27;Zona Urbana;Masculino;Si;Ingeniería en Sistemas;Quinto año o más;Si;5;5;3;4;Si;Si;Media;Media;"JavaScript;C++;Java;";Bajo;Medio;Alto;Medio;Alto;5;Si;Si;"Tecnologicas;";Si;Media;Si;;Si;Si;"Cientifica;Jefe de departamento;Docentes;Estudiantes;Publico en general;";Si;5;Si;No;Si;No se;Si ;Si;Si;No;Si;"Inteligencia Artificial;Diseño Digital;Arquitectura de computadoras;";9;Si;5;5;5;5;5;5;No se
10;45015.82211;45015.8266;anonymous;;22-27;Zona Urbana;Masculino;No;Ingeniería en Sistemas;Quinto año o más;Si;5;5;2;3;No;Si;Baja;Media;"Python;JavaScript;C++;";Bajo;Medio;Alto;Alto;Bajo;4;Si;No;;Si;Baja;Si;;Si;No;"Cientifica;Docentes;Jefe de departamento;Publico en general;Estudiantes;";Si;4;Si;No;No;Si;Si ;Si;No;No;Si;"Arquitectura de computadoras;Diseño Digital;Inteligencia Artificial;";7;Si;3;4;4;2;3;4;Si
11;45015.82109;45015.82826;anonymous;;22-27;Zona Rural;Masculino;No;Licenciatura en Informática Administrativa;Cuarto año;Si;1;3;2;2;Si;Si;Baja;Media;"JavaScript;C++;";Bajo;Medio;Medio;Medio;Bajo;3;No;No;;No;Media;Si;;No;Si;"Cientifica;Docentes;Estudiantes;Jefe de departamento;Publico en general;";No;;;No;No;Si;Si ;Si;No se;No;No;;5;Si;2;3;3;2;3;3;No se
12;45015.8247;45015.83009;anonymous;;17-21;Zona Urbana;Masculino;No;Ingeniería en Sistemas;Primer año;Si;4;5;3;4;No;Si;Alta;Media;"PHP;C++;JavaScript;";Medio;Alto;Alto;Medio;Medio;4;Si;Si;"Fisicas;Tecnologicas;";Si;Media;Si;;Si;Si;"Publico en general;Estudiantes;Cientifica;Docentes;Jefe de departamento;";Si;4;Si;No;Si;Si;Si ;Si;No se;Si;Si;"Inteligencia Artificial;Diseño Digital;";8;Si;4;5;5;4;5;5;Si
13;45015.82957;45015.83432;anonymous;;22-27;Zona Urbana;Masculino;No;Ingeniería en Sistemas;Primer año;Si;4;5;3;3;No;No;Baja;Media;"C++;Sql;";Bajo;Medio;Medio;Medio;Medio;4;No;No;;Si;Baja;Si;;Si;Si;"Cientifica;Docentes;Estudiantes;Jefe de departamento;Publico en general;";Si;4;No;Si;No;Si;Si ;Si;No;Si;No;;6;Si;4;5;5;5;5;5;No
14;45015.86133;45015.86438;anonymous;;22-27;Zona Rural;Masculino;No;Ingeniería en Sistemas;Quinto año o más;Si;2;5;3;3;Si;Si;Alta;Alta;"Python;JavaScript;Ruby on rails ;";Bajo;Bajo;Alto;Bajo;Medio;3;Si;Si;"Tecnologicas;";Si;Media;Si;;Si;Si;"Cientifica;Jefe de departamento;Docentes;Estudiantes;Publico en general;";Si;2;No;No;Si;No se;No se;No se;No se;Si;No;;3;Si;3;3;2;3;3;3;Si
15;45015.90671;45015.92392;anonymous;;22-27;Zona Rural;Masculino;Si;Ingeniería en Sistemas;Quinto año o más;Si;3;5;2;3;Si;Si;Alta;Media;"C++;PHP;";Medio;Alto;Alto;Medio;Medio;3;No;No;;Si;Baja;No;Si;Si;Si;"Cientifica;Jefe de departamento;Docentes;Estudiantes;Publico en general;";Si;4;No;No;No;Si;Si ;Si;No;No;No;;7;Si;3;5;3;4;4;4;No
16;45016.4339;45016.43962;anonymous;;22-27;Zona Urbana;Masculino;No;Ingeniería en Sistemas;Quinto año o más;Si;2;3;2;1;Si;Si;Alta;Media;"JavaScript;HTML, aunque muchos no lo consideran un lenguaje de programación para mi es super indispensable.;";Nulo;Medio;Alto;Nulo;Medio;1;No;No;;Si;No existe;No;Si;Si;Si;"Jefe de departamento;Docentes;Estudiantes;Publico en general;Cientifica;";Si;4;No;No;Si;Si;Si ;Si;No;No;No;;7;Si;5;4;5;4;4;4;No
17;45016.48291;45016.48698;anonymous;;17-21;Zona Urbana;Masculino;Si;Ingeniería en Sistemas;Cuarto año;Si;5;5;4;3;No;Si;Media;Alta;"Python;JavaScript;PHP;C++;Typescript;";Nulo;Medio;Experto;Medio;Alto;3;Si;Si;"Tecnologicas;";Si;Alta;;;Si;Si;"Cientifica;Jefe de departamento;Docentes;Estudiantes;Publico en general;";Si;3;Si;Si;No;No se;Si ;Si;No;Si;No;;10;Si;5;5;5;5;5;5;Si
18;45016.74192;45016.74828;anonymous;;Más de 32;Zona Urbana;Femenino;Si;Ingeniería en Sistemas;Quinto año o más;Si;4;5;3;5;Si;Si;Alta;Media;"C++;";Bajo;Alto;Medio;Medio;Medio;4;No;Si;"Tecnologicas;Fisicas;";Si;Baja;Si;;Si;Si;"Docentes;Jefe de departamento;Cientifica;Estudiantes;Publico en general;";No;;;No;No;Si;No se;Si;No se;No;No;;7;Si;5;4;5;5;5;5;Si
19;45016.75829;45016.76266;anonymous;;22-27;Zona Urbana;Masculino;No;Ingeniería en Sistemas;Quinto año o más;No;2;2;1;1;Si;Si;Alta;Media;"JavaScript;C++;";Bajo;Alto;Alto;Alto;Alto;3;No;No;;Si;Media;Si;;Si;Si;"Cientifica;Jefe de departamento;Docentes;Estudiantes;Publico en general;";No;;;No;Si;Si;Si ;Si;Si;Si;No;;7;Si;1;2;2;1;2;2;No
20;45016.76201;45016.77072;anonymous;;22-27;Zona Urbana;Masculino;Si;Ingeniería en Sistemas;Quinto año o más;Si;4;5;4;3;Si;Si;Media;Media;"JavaScript;Python;C#;";Bajo;Medio;Medio;Medio;Medio;3;Si;Si;"Tecnologicas;Matemáticas;";Si;Baja;Si;;Si;Si;"Jefe de departamento;Estudiantes;Cientifica;Docentes;Publico en general;";Si;3;Si;No;No;Si;Si ;Si;Si;Si;Si;"Inteligencia Artificial;Arquitectura de computadoras;";7;Si;2;3;3;2;2;2;Si
21;45016.7665;45016.77116;anonymous;;22-27;Zona Urbana;Masculino;No;Ingeniería en Sistemas;Primer año;Si;3;4;4;3;Si;Si;Media;Media;"C++;";Bajo;Bajo;Medio;Medio;Medio;3;No;No;;Si;Media;Si;;Si;Si;"Publico en general;Estudiantes;Docentes;Jefe de departamento;Cientifica;";Si;4;Si;No;Si;Si;Si ;Si;No;Si;Si;"Diseño Digital;Inteligencia Artificial;";6;Si;3;4;4;3;4;3;No se
22;45016.76494;45016.77122;anonymous;;22-27;Zona Urbana;Masculino;No;Ingeniería en Sistemas;Quinto año o más;Si;3;4;5;2;No;No;Alta;Alta;"JavaScript;PHP;C++;Java;";Nulo;Medio;Alto;Medio;Medio;2;Si;No;;Si;Media;No;Si;Si;Si;"Jefe de departamento;Docentes;Cientifica;Estudiantes;Publico en general;";Si;4;Si;No;No;Si;Si ;No se;No se;No;No;;7;Si;4;5;4;3;4;3;No se
23;45016.77209;45016.77537;anonymous;;22-27;Zona Urbana;Femenino;No;Ingeniería en Sistemas;Quinto año o más;No;2;4;3;3;Si;Si;Media;Media;"Python;JavaScript;Kotlin;";Nulo;Bajo;Medio;Bajo;Bajo;2;Si;No;;Si;Baja;Si;;Si;Si;"Cientifica;Jefe de departamento;Docentes;Estudiantes;Publico en general;";Si;2;Si;No;Si;No se;No se;No se;No se;No;No;;3;Si;4;4;3;4;4;4;No se
24;45016.77229;45016.77723;anonymous;;22-27;Zona Urbana;Masculino;No;Ingeniería en Sistemas;Tercer año;No;3;4;4;2;Si;Si;Media;Baja;"Python;JavaScript;C++;";Nulo;Medio;Medio;Nulo;Medio;3;Si;No;;Si;Baja;Si;;Si;Si;"Docentes;Jefe de departamento;Estudiantes;Cientifica;Publico en general;";Si;3;Si;No;No;No se;Si ;Si;Si;No;No;;7;Si;3;5;5;3;4;5;No
25;45016.77375;45016.77752;anonymous;;22-27;Zona Rural;Femenino;No;Ingeniería en Sistemas;Quinto año o más;Si;1;4;4;3;No;No;Media;Media;"Python;JavaScript;Java ;";Nulo;Medio;Alto;Alto;Alto;3;Si;No;;No;Baja;Si;;Si;Si;"Cientifica;Jefe de departamento;Docentes;Estudiantes;Publico en general;";No;;;No;No;No se;No se;No se;No;No;Si;"Arquitectura de computadoras;Inteligencia Artificial;";3;No;5;3;5;5;3;3;No
26;45016.77563;45016.77987;anonymous;;17-21;Zona Urbana;Masculino;No;Ingeniería en Sistemas;Tercer año;Si;4;5;3;2;No;Si;Media;Media;"JavaScript;Python;";Nulo;Nulo;Alto;Bajo;Medio;3;No;No;;Si;Baja;Si;;Si;Si;"Cientifica;Jefe de departamento;Docentes;Estudiantes;Publico en general;";No;;;No;No;Si;Si ;Si;No;No;No;;10;Si;5;5;5;4;3;3;No
27;45016.76701;45016.78019;anonymous;;17-21;Zona Urbana;Masculino;No;Ingeniería en Sistemas;Segundo año;Si;3;3;2;1;No;Si;Media;Media;"C++;Java;";Bajo;Alto;Alto;Alto;Medio;3;Si;No;;Si;Baja;Si;;Si;Si;"Cientifica;Jefe de departamento;Docentes;Estudiantes;Publico en general;";Si;5;Si;No;No;Si;Si ;Si;Si;No;No;;8;Si;4;5;5;4;3;4;Si
28;45016.78046;45016.78418;anonymous;;17-21;Zona Urbana;Masculino;No;Ingeniería en Sistemas;Segundo año;Si;5;5;3;3;Si;Si;Baja;Baja;"C++;";Bajo;Bajo;Bajo;Bajo;Medio;3;Si;No;;Si;Media;Si;;Si;Si;"Jefe de departamento;Cientifica;Docentes;Estudiantes;Publico en general;";Si;4;No;No;Si;Si;Si ;Si;No;No;No;;7;Si;3;5;4;3;5;5;No se
29;45016.78767;45016.78907;anonymous;;22-27;Zona Urbana;Femenino;No;Licenciatura en Informática Administrativa;Tercer año;Si;1;2;3;3;Si;No;Media;Baja;"C++;Java;";Nulo;Bajo;Bajo;Nulo;Medio;2;No;No;;No;Baja;Si;;Si;Si;"Jefe de departamento;Cientifica;Docentes;Estudiantes;Publico en general;";Si;3;No;No;Si;No se;Si ;Si;No;Si;No;;7;Si;1;3;2;1;2;3;No se
30;45016.78551;45016.79509;anonymous;;22-27;Zona Urbana;Masculino;No;Ingeniería en Sistemas;Quinto año o más;Si;3;5;4;2;Si;Si;Media;Media;"Python;JavaScript;C++;PHP;Java;";Bajo;Bajo;Alto;Bajo;Alto;4;No;Si;"Matemáticas;Tecnologicas;";Si;Media;Si;;Si;Si;"Cientifica;Docentes;Estudiantes;Jefe de departamento;Publico en general;";Si;3;No;No;No;Si;No se;Si;No;No;No;;10;Si;3;5;5;5;5;3;Si
31;45016.80133;45016.80715;anonymous;;22-27;Zona Urbana;Masculino;Si;Ingeniería en Sistemas;Segundo año;Si;5;4;5;5;Si;Si;Alta;Media;"C++;";Nulo;Nulo;Bajo;Nulo;Medio;3;Si;No;;Si;Baja;Si;;Si;Si;"Cientifica;Jefe de departamento;Docentes;Estudiantes;Publico en general;";Si;5;Si;Si;No;Si;Si ;Si;Si;Si;Si;"Inteligencia Artificial;";9;Si;1;5;5;1;5;5;Si
32;45016.80628;45016.81132;anonymous;;17-21;Zona Urbana;Prefiero no especificar;No;Ingeniería en Sistemas;Segundo año;Si;4;5;4;2;Si;Si;Baja;Media;"C++;Java;";Bajo;Bajo;Medio;Bajo;Alto;3;Si;No;;Si;Baja;Si;;Si;Si;"Cientifica;Jefe de departamento;Docentes;Estudiantes;Publico en general;";Si;4;No;No;No;Si;Si ;Si;No;Si;No;;7;Si;4;5;4;3;2;4;Si
33;45016.82215;45016.82701;anonymous;;17-21;Zona Urbana;Femenino;No;Ingeniería en Sistemas;Cuarto año;No;4;5;3;4;No;Si;Media;Media;"Python;JavaScript;C++;";Bajo;Medio;Medio;Medio;Medio;2;No;No;;Si;Baja;Si;;Si;Si;"Cientifica;Docentes;Estudiantes;Jefe de departamento;Publico en general;";Si;3;No;No;Si;Si;No se;Si;No se;No;Si;"Diseño Digital;Arquitectura de computadoras;";4;Si;5;4;5;4;3;5;No se
34;45016.83279;45016.83874;anonymous;;22-27;Zona Rural;Masculino;Si;Ingeniería en Sistemas;Quinto año o más;Si;2;3;2;2;No;No;Media;Media;"Python;JavaScript;PHP;C++;";Bajo;Medio;Alto;Medio;Medio;3;Si;No;;Si;Alta;;;Si;Si;"Cientifica;Jefe de departamento;Docentes;Estudiantes;Publico en general;";Si;4;Si;Si;Si;Si;Si ;Si;Si;No;Si;"Arquitectura de computadoras;Inteligencia Artificial;";6;Si;2;4;4;3;3;3;Si
35;45016.84167;45016.84581;anonymous;;22-27;Zona Rural;Femenino;No;Ingeniería en Sistemas;Quinto año o más;Si;2;5;5;2;Si;Si;Media;Media;"Python;JavaScript;Typescript;";Bajo;Alto;Medio;Medio;Alto;3;No;No;;Si;Media;Si;;Si;Si;"Cientifica;Jefe de departamento;Publico en general;Docentes;Estudiantes;";No;;;No;No;Si;No se;Si;No se;No;Si;"Diseño Digital;Inteligencia Artificial;Arquitectura de computadoras;";7;Si;2;5;5;5;5;5;Si
36;45016.84581;45016.85072;anonymous;;17-21;Zona Urbana;Masculino;No;Ingeniería en Sistemas;Tercer año;Si;4;5;3;2;Si;Si;Media;Media;"JavaScript;PHP;C++;";Nulo;Bajo;Medio;Nulo;Bajo;4;Si;No;;Si;Media;Si;;Si;Si;"Cientifica;Jefe de departamento;Docentes;Estudiantes;Publico en general;";Si;3;Si;No;No;Si;Si ;Si;Si;Si;No;;5;Si;4;5;5;3;4;3;No se
37;45016.8694;45016.87355;anonymous;;22-27;Zona Urbana;Masculino;No;Ingeniería en Sistemas;Quinto año o más;Si;5;5;3;2;Si;Si;Alta;Media;"Python;PHP;C++;";Medio;Bajo;Alto;Medio;Medio;4;No;Si;"Tecnologicas;";No;No existe;Si;;Si;Si;"Cientifica;Jefe de departamento;Docentes;Estudiantes;Publico en general;";Si;5;Si;Si;No;Si;Si ;Si;Si;No;No;;10;Si;3;5;5;2;5;5;Si
38;45016.87877;45016.88142;anonymous;;22-27;Zona Urbana;Masculino;No;Ingeniería en Sistemas;Quinto año o más;Si;4;4;3;2;No;No;Media;Media;"C#;";Nulo;Bajo;Medio;Bajo;Medio;4;No;Si;"Fisicas;Tecnologicas;";Si;Media;Si;;Si;Si;"Cientifica;Docentes;Jefe de departamento;Estudiantes;Publico en general;";Si;5;No;No;Si;No se;Si ;Si;No;Si;No;;7;Si;1;5;5;4;5;5;No
39;45016.88069;45016.88624;anonymous;;22-27;Zona Rural;Femenino;Si;Ingeniería en Sistemas;Segundo año;Si;3;5;4;4;Si;Si;Media;Media;"C++;";Bajo;Bajo;Medio;Bajo;Medio;3;No;No;;Si;Baja;Si;;Si;Si;"Cientifica;Jefe de departamento;Docentes;Estudiantes;Publico en general;";No;;;No;Si;No se;Si ;Si;No se;No;No;;9;Si;4;5;5;4;4;4;No se
40;45016.88113;45016.88863;anonymous;;Más de 32;Zona Urbana;Masculino;Si;Ingeniería en Sistemas;Quinto año o más;Si;3;5;4;2;Si;Si;Media;Media;"Python;JavaScript;C++;java ;";Bajo;Alto;Alto;Alto;Alto;4;No;Si;"Matemáticas;Tecnologicas;idioma ingles;";Si;Media;Si;;Si;Si;"Estudiantes;Docentes;Cientifica;Jefe de departamento;Publico en general;";Si;3;Si;No;Si;No se;Si ;Si;No;No;No;;4;Si;5;5;5;4;4;3;No
41;45016.88434;45016.89;anonymous;;17-21;Zona Urbana;Masculino;No;Ingeniería en Sistemas;Segundo año;Si;2;5;5;1;No;Si;Media;Baja;"Java ;C++;";Nulo;Medio;Medio;Bajo;Medio;3;No;No;;Si;Media;Si;;Si;Si;"Cientifica;Jefe de departamento;Docentes;Estudiantes;Publico en general;";Si;1;No;No;No;Si;Si ;Si;No se;Si;No;;10;Si;5;5;5;5;5;5;Si
42;45016.88597;45016.89469;anonymous;;22-27;Zona Urbana;Femenino;No;Ingeniería en Sistemas;Quinto año o más;Si;4;5;3;5;No;Si;Media;Media;"Python;JavaScript;PHP;C++;Java;";Nulo;Bajo;Alto;Nulo;Alto;2;No;Si;"Tecnologicas;";Si;Baja;Si;;Si;Si;"Cientifica;Jefe de departamento;Estudiantes;Docentes;Publico en general;";No;;;No;Si;Si;Si ;Si;Si;No;No;;8;Si;5;4;3;3;3;3;Si
43;45016.8963;45016.89999;anonymous;;17-21;Zona Urbana;Masculino;No;Ingeniería en Sistemas;Segundo año;Si;2;3;1;5;Si;Si;Media;Media;"JavaScript;C++;";Nulo;Bajo;Medio;Nulo;Medio;3;No;Si;"Matemáticas;Fisicas;Tecnologicas;";Si;Baja;Si;;Si;Si;"Cientifica;Docentes;Jefe de departamento;Estudiantes;Publico en general;";Si;5;No;Si;No;Si;Si ;Si;No;No;No;;10;Si;2;1;3;5;4;2;No
44;45016.89725;45016.90058;anonymous;;22-27;Zona Rural;Masculino;No;Ingeniería en Sistemas;Quinto año o más;No;4;4;3;2;No;Si;Media;Media;"JavaScript;C++;Python;";Bajo;Medio;Medio;Nulo;Alto;3;No;No;;Si;Baja;Si;;Si;Si;"Jefe de departamento;Cientifica;Docentes;Estudiantes;Publico en general;";No;;;No;Si;Si;No se;Si;No se;Si;No;;8;Si;4;5;5;4;4;4;No se
45;45016.91134;45016.91468;anonymous;;22-27;Zona Urbana;Masculino;No;Ingeniería en Sistemas;Cuarto año;Si;5;5;3;2;No;Si;Media;Media;"Python;JavaScript;C++;";Medio;Medio;Alto;Medio;Medio;4;Si;Si;"Tecnologicas;";Si;Media;Si;;Si;Si;"Cientifica;Jefe de departamento;Docentes;Estudiantes;Publico en general;";Si;4;No;Si;Si;Si;Si ;Si;No;No;Si;"Arquitectura de computadoras;Diseño Digital;";9;Si;4;5;5;4;4;5;No se
46;45016.919;45016.92611;anonymous;;28-32;Zona Urbana;Masculino;Si;Ingeniería en Sistemas;Cuarto año;Si;4;5;3;4;Si;Si;Alta;Media;"Python;C++;Java;";Medio;Medio;Alto;Bajo;Medio;4;No;No;;Si;Baja;Si;;Si;Si;"Docentes;Estudiantes;Jefe de departamento;Cientifica;Publico en general;";Si;3;No;Si;Si;Si;No se;Si;No;No;Si;"Inteligencia Artificial;";6;Si;5;5;5;3;2;4;No
47;45016.94038;45016.9444;anonymous;;22-27;Zona Urbana;Masculino;Si;Ingeniería en Sistemas;Tercer año;No;5;4;2;3;Si;Si;Alta;Media;"C++;JavaScript;";Bajo;Medio;Medio;Nulo;Medio;3;Si;No;;Si;Media;Si;;Si;Si;"Cientifica;Jefe de departamento;Docentes;Estudiantes;Publico en general;";Si;4;Si;No;Si;No se;Si ;Si;No se;No;No;;4;Si;3;5;4;2;5;3;Si
48;45016.94106;45016.94507;anonymous;;22-27;Zona Rural;Masculino;No;Ingeniería en Sistemas;Quinto año o más;Si;4;5;4;4;Si;Si;Media;Media;"JavaScript;PHP;Python;C++;";Nulo;Medio;Alto;Medio;Alto;3;No;No;;Si;Baja;Si;;Si;Si;"Jefe de departamento;Cientifica;Docentes;Estudiantes;Publico en general;";No;;;No;Si;Si;Si ;Si;No;No;No;;8;Si;4;5;5;5;5;5;No se
49;45016.97416;45016.97772;anonymous;;17-21;Zona Urbana;Masculino;No;Ingeniería en Sistemas;Segundo año;Si;4;5;3;1;Si;No;Alta;Media;"Python;JavaScript;Java;";Bajo;Medio;Alto;Bajo;Medio;5;Si;No;;Si;Baja;Si;;Si;Si;"Cientifica;Docentes;Jefe de departamento;Estudiantes;Publico en general;";Si;5;No;Si;No;Si;Si ;Si;No;No;No;;8;Si;3;5;5;3;4;5;Si
50;45017.36804;45017.37368;anonymous;;28-32;Zona Urbana;Masculino;No;Ingeniería en Sistemas;Quinto año o más;Si;4;5;5;1;No;Si;Media;Alta;"Python;JavaScript;PHP;C++;";Nulo;Alto;Experto;Medio;Experto;4;Si;Si;"Matemáticas;Tecnologicas;";Si;Alta;;;Si;Si;"Cientifica;Docentes;Jefe de departamento;Estudiantes;Publico en general;";Si;4;No;No;Si;Si;Si ;Si;Si;Si;Si;"Arquitectura de computadoras;Inteligencia Artificial;";10;Si;5;5;5;5;5;5;Si
51;45017.3962;45017.40081;anonymous;;22-27;Zona Urbana;Masculino;No;Ingeniería en Sistemas;Quinto año o más;Si;4;5;3;3;Si;Si;Media;Alta;"Python;JavaScript;PHP;";Bajo;Medio;Medio;Bajo;Medio;4;Si;Si;"Fisicas;Tecnologicas;";Si;Baja;No;Si;Si;Si;"Cientifica;Jefe de departamento;Docentes;Estudiantes;Publico en general;";Si;5;No;No;No;Si;Si ;Si;No;Si;No;;10;Si;5;5;5;5;4;4;No
52;45017.39659;45017.40154;anonymous;;22-27;Zona Urbana;Femenino;No;Ingeniería en Sistemas;Quinto año o más;Si;4;5;3;2;Si;Si;Media;Alta;"C++;PHP;Python;JavaScript;Nodejs;";Bajo;Medio;Alto;Medio;Alto;3;No;No;;Si;Baja;Si;;Si;Si;"Jefe de departamento;Cientifica;Docentes;Estudiantes;Publico en general;";No;;;No;No;No se;No se;Si;No;No;Si;"Diseño Digital;Arquitectura de computadoras;";7;No;5;5;3;5;5;5;Si
53;45017.39697;45017.40258;anonymous;;22-27;Zona Rural;Femenino;No;Ingeniería en Sistemas;Quinto año o más;Si;3;5;5;2;No;No;Media;Media;"Python;JavaScript;Java;";Nulo;Medio;Medio;Alto;Alto;2;No;No;;No;Baja;Si;;Si;Si;"Cientifica;Jefe de departamento;Docentes;Estudiantes;Publico en general;";Si;3;Si;No;No;No se;Si ;Si;No se;Si;No;;4;Si;5;4;5;5;3;3;No se
54;45017.39669;45017.40493;anonymous;;22-27;Zona Urbana;Masculino;No;Ingeniería en Sistemas;Quinto año o más;Si;4;5;1;1;Si;Si;Media;Alta;"Python;JavaScript;";Nulo;Bajo;Experto;Bajo;Medio;4;No;No;;Si;Media;Si;;Si;Si;"Cientifica;Jefe de departamento;Docentes;Estudiantes;Publico en general;";Si;2;No;Si;Si;Si;No se;No se;No;No;No;;10;Si;3;5;3;1;1;5;Si
55;45017.40351;45017.40587;anonymous;;22-27;Zona Urbana;Masculino;No;Ingeniería en Sistemas;Quinto año o más;Si;4;5;5;5;Si;Si;Media;Media;"Python;JavaScript;PHP;";Medio;Medio;Alto;Medio;Medio;4;No;Si;"Tecnologicas;Fisicas;";Si;Media;Si;;Si;Si;"Cientifica;Jefe de departamento;Docentes;Estudiantes;Publico en general;";Si;5;No;No;No;Si;Si ;Si;Si;Si;No;;10;Si;5;5;5;5;4;4;No
56;45017.39606;45017.40626;anonymous;;28-32;Zona Urbana;Masculino;No;Ingeniería en Sistemas;Quinto año o más;Si;5;4;3;5;Si;Si;Media;Media;"Python;JavaScript;PHP;";Nulo;Medio;Alto;Alto;Medio;3;No;Si;"Fisicas;Tecnologicas;Literarias;";Si;Media;Si;;Si;Si;"Cientifica;Jefe de departamento;Docentes;Estudiantes;Publico en general;";Si;5;No;No;Si;Si;Si ;Si;No;No;Si;"Inteligencia Artificial;Diseño Digital;";9;Si;4;5;5;5;4;5;Si
57;45017.40329;45017.40727;anonymous;;22-27;Zona Urbana;Femenino;No;Ingeniería en Sistemas;Quinto año o más;Si;3;5;3;2;Si;Si;Media;Media;"Python;JavaScript;PHP;C++;";Medio;Medio;Alto;Bajo;Medio;3;Si;No;;No;Media;Si;;No;No;"Jefe de departamento;Cientifica;Estudiantes;Publico en general;Docentes;";Si;4;Si;No;No;Si;Si ;Si;Si;Si;Si;"Inteligencia Artificial;";9;Si;5;5;4;5;5;5;Si
58;45017.40478;45017.4073;anonymous;;22-27;Zona Urbana;Masculino;No;Ingeniería en Sistemas;Quinto año o más;Si;3;4;5;2;No;No;Alta;Media;"JavaScript;PHP;C++;Java;";Bajo;Medio;Alto;Medio;Medio;3;No;No;;Si;Media;Si;;Si;Si;"Jefe de departamento;Docentes;Estudiantes;Cientifica;Publico en general;";Si;4;No;Si;No;Si;Si ;Si;No se;No;No;;;Si;4;5;4;2;4;3;No se
59;45017.40394;45017.40744;anonymous;;28-32;Zona Urbana;Femenino;Si;Ingeniería en Sistemas;Quinto año o más;Si;4;5;4;5;Si;Si;Alta;Alta;"Python;JavaScript;PHP;GO;C++;";Bajo;Alto;Alto;Medio;Alto;2;No;Si;"Tecnologicas;Literarias;";Si;Baja;No;No;Si;Si;"Cientifica;Jefe de departamento;Docentes;Estudiantes;Publico en general;";Si;5;Si;Si;Si;Si;Si ;Si;No;Si;No;;7;Si;5;5;5;2;4;5;Si
60;45017.42089;45017.4284;anonymous;;17-21;Zona Urbana;Femenino;Si;Ingeniería en Sistemas;Primer año;Si;3;4;2;5;Si;Si;Alta;Baja;"C++;JavaScript;";Nulo;Nulo;Bajo;Nulo;Medio;3;Si;Si;"Tecnologicas;Literarias;Matemáticas;";Si;Media;Si;;Si;Si;"Jefe de departamento;Cientifica;Docentes;Estudiantes;Publico en general;";No;;;No;Si;No se;Si ;Si;No se;No;No;;9;Si;2;4;4;3;5;4;Si
61;45017.39539;45017.43671;anonymous;;22-27;Zona Urbana;Masculino;No;Ingeniería en Sistemas;Quinto año o más;Si;4;5;3;3;Si;Si;Media;Media;"Python;JavaScript;C++;Java, TypeScript y C#;";Bajo;Alto;Alto;Medio;Alto;4;Si;No;;Si;Media;No;No;Si;Si;"Docentes;Estudiantes;Cientifica;Jefe de departamento;Publico en general;";Si;4;No;No;Si;Si;Si ;Si;No;Si;No;;7;Si;4;5;4;4;3;2;Si
62;45017.46014;45017.46498;anonymous;;22-27;Zona Urbana;Masculino;Si;Ingeniería en Sistemas;Quinto año o más;Si;5;5;3;4;Si;Si;Media;Media;"JavaScript;Python;PHP;";Bajo;Bajo;Alto;Medio;Medio;5;Si;Si;"Tecnologicas;Fisicas;Literarias;";Si;Media;Si;;Si;Si;"Cientifica;Jefe de departamento;Publico en general;Docentes;Estudiantes;";Si;2;No;Si;No;No;Si ;No;Si;Si;No;;4;Si;5;5;4;4;3;2;Si
63;45017.56285;45017.5658;anonymous;;22-27;Zona Urbana;Masculino;No;Ingeniería Eléctrica ;Quinto año o más;Si;5;5;5;2;No;Si;Baja;Media;"JavaScript;C++;Python;";Nulo;Bajo;Medio;Nulo;Medio;1;No;No;;Si;Baja;Si;;Si;Si;"Jefe de departamento;Docentes;Cientifica;Estudiantes;Publico en general;";Si;4;Si;No;No;Si;Si ;Si;Si;Si;No;;10;Si;4;5;5;3;4;5;Si
64;45017.56625;45017.572;anonymous;;Más de 32;Zona Urbana;Masculino;Si;Ingeniería Eléctrica ;Tercer año;Si;3;5;3;4;Si;No;Baja;Baja;"Wolfram 77 DOS;";Nulo;Bajo;Bajo;Nulo;Medio;3;No;Si;"Literarias;Tecnologicas;";Si;Baja;No;No;Si;Si;"Estudiantes;Docentes;Cientifica;Jefe de departamento;Publico en general;";Si;4;No;No;No;Si;Si ;No se;No;No;No;;7;Si;4;1;5;1;1;5;No
65;45017.57831;45017.58264;anonymous;;22-27;Zona Rural;Femenino;No;Ingeniería Eléctrica ;Cuarto año;Si;3;3;3;2;Si;Si;Alta;Alta;"Python;C++;JavaScript;";Alto;Medio;Alto;Alto;Alto;4;No;Si;"Fisicas;Tecnologicas;";Si;Baja;Si;;Si;Si;"Jefe de departamento;Docentes;Cientifica;Estudiantes;Publico en general;";Si;4;No;Si;Si;Si;Si ;Si;No;Si;No;;7;Si;3;4;5;5;4;5;No
66;45017.58301;45017.58543;anonymous;;17-21;Zona Urbana;Masculino;No;Ingeniería Eléctrica ;Quinto año o más;Si;5;5;2;5;No;Si;Alta;Media;"Python;C++;";Bajo;Experto;Medio;Medio;Alto;4;No;Si;"Tecnologicas;";Si;Media;Si;;Si;Si;"Cientifica;Jefe de departamento;Docentes;Estudiantes;Publico en general;";No;;;No;Si;Si;Si ;Si;Si;Si;Si;"Arquitectura de computadoras;Diseño Digital;Inteligencia Artificial;";9;Si;3;5;5;5;5;5;Si
67;45017.58492;45017.59249;anonymous;;28-32;Zona Urbana;Masculino;No;Ingeniería en Sistemas;Quinto año o más;Si;4;5;3;3;Si;Si;Media;Media;"JavaScript;Python;GO;";Nulo;Bajo;Medio;Bajo;Medio;3;Si;Si;"Fisicas;Tecnologicas;";Si;Media;Si;;Si;Si;"Cientifica;Docentes;Estudiantes;Jefe de departamento;Publico en general;";No;;;No;Si;Si;Si ;Si;Si;Si;Si;"Arquitectura de computadoras;";4;Si;3;3;3;4;2;1;Si
68;45017.59353;45017.5973;anonymous;;22-27;Zona Urbana;Femenino;No;Ingeniería en Sistemas;Quinto año o más;No;1;4;2;3;Si;Si;Media;Media;"Python;JavaScript;C++;";Bajo;Medio;Medio;Medio;Medio;3;Si;Si;"Matemáticas;Tecnologicas;Literarias;";No;Alta;;;Si;Si;"Cientifica;Docentes;Estudiantes;Publico en general;Jefe de departamento;";Si;3;Si;No;No;Si;Si ;Si;No;No;Si;"Diseño Digital;Inteligencia Artificial;Arquitectura de computadoras;";5;Si;5;4;5;4;4;4;Si
69;45017.6026;45017.60534;anonymous;;17-21;Zona Urbana;Femenino;No;Ingeniería Eléctrica ;Cuarto año;No;4;5;4;3;Si;Si;Alta;Baja;"Python;C++;";Bajo;Nulo;Bajo;Bajo;Medio;3;Si;No;;Si;Baja;Si;;Si;Si;"Docentes;Jefe de departamento;Cientifica;Estudiantes;Publico en general;";No;;;No;Si;Si;Si ;Si;Si;Si;Si;"Diseño Digital;Inteligencia Artificial;";9;Si;4;5;3;3;4;4;Si
70;45017.60926;45017.6135;anonymous;;17-21;Zona Urbana;Femenino;No;Ingeniería Eléctrica ;Tercer año;Si;4;5;3;2;Si;Si;Media;Media;"C++;Python;JavaScript;";Alto;Bajo;Medio;Medio;Alto;3;No;Si;"Tecnologicas;Fisicas;";Si;Media;Si;;Si;Si;"Jefe de departamento;Docentes;Estudiantes;Publico en general;Cientifica;";No;;;No;Si;Si;Si ;Si;No;No;Si;"Diseño Digital;Inteligencia Artificial;";6;Si;5;4;5;4;4;5;Si
71;45017.60976;45017.61564;anonymous;;22-27;Zona Rural;Masculino;No;Ingeniería en Sistemas;Tercer año;Si;3;5;3;2;No;Si;Media;Media;"Java;C++;";Nulo;Bajo;Alto;Bajo;Medio;3;No;No;;Si;Media;Si;;Si;Si;"Cientifica;Jefe de departamento;Docentes;Estudiantes;Publico en general;";No;;;No;Si;No se;No se;Si;Si;No;No;;5;Si;3;4;4;3;3;4;Si
72;45017.64712;45017.64916;anonymous;;22-27;Zona Urbana;Masculino;No;Ingeniería Eléctrica ;Quinto año o más;Si;5;5;4;5;No;Si;Media;Media;"C++;";Bajo;Medio;Medio;Bajo;Alto;5;Si;No;;Si;Media;Si;;Si;Si;"Docentes;Cientifica;Jefe de departamento;Estudiantes;Publico en general;";Si;1;No;Si;Si;Si;Si ;Si;Si;Si;Si;"Diseño Digital;";10;Si;4;3;5;4;5;5;Si
73;45017.6683;45017.67245;anonymous;;17-21;Zona Rural;Masculino;No;Ingeniería en Sistemas;Segundo año;No;3;4;4;3;Si;Si;Media;Nula;;Nulo;Nulo;Bajo;Nulo;Medio;3;No;No;;Si;Media;Si;;Si;Si;"Cientifica;Jefe de departamento;Docentes;Estudiantes;Publico en general;";Si;4;No;No;Si;Si;Si ;Si;No se;No;No;;10;Si;4;4;4;3;5;5;No
74;45017.66932;45017.67338;anonymous;;22-27;Zona Rural;Masculino;Si;Ingeniería Eléctrica ;Quinto año o más;Si;5;4;5;5;No;Si;Alta;Baja;"C++;";Medio;Bajo;Bajo;Bajo;Alto;3;Si;Si;"Matemáticas;Fisicas;Literarias;";Si;Media;Si;;Si;Si;"Cientifica;Jefe de departamento;Docentes;Estudiantes;Publico en general;";No;;;No;Si;Si;No se;Si;No;Si;No;;7;Si;3;5;5;4;4;5;Si
75;45017.67112;45017.67501;anonymous;;22-27;Zona Urbana;Masculino;Si;Licenciatura en Física;Quinto año o más;Si;5;4;3;3;Si;Si;Alta;Media;"Python;C++;JavaScript;";Alto;Alto;Medio;Medio;Alto;2;No;Si;"Fisicas;Tecnologicas;";Si;Baja;Si;;Si;Si;"Jefe de departamento;Docentes;Cientifica;Estudiantes;Publico en general;";Si;4;Si;No;No;Si;Si ;Si;No;Si;Si;"Mecánica cuántica ;";7;Si;3;4;3;3;3;4;No
76;45017.67844;45017.68366;anonymous;;22-27;Zona Urbana;Masculino;No;Ingeniería en Sistemas;Quinto año o más;Si;3;5;3;3;Si;Si;Baja;Alta;"JavaScript;PHP;C++;Python;Flutter;";Nulo;Medio;Alto;Bajo;Medio;3;Si;Si;"Tecnologicas;Fisicas;";Si;Media;Si;;Si;Si;"Jefe de departamento;Cientifica;Docentes;Estudiantes;Publico en general;";Si;4;No;No;No;Si;Si ;Si;No;Si;No;;6;Si;5;5;5;3;4;3;Si
77;45017.72676;45017.72972;anonymous;;22-27;Zona Urbana;Femenino;No;Ingeniería Eléctrica ;Quinto año o más;No;3;3;5;5;Si;Si;Alta;Nula;;Bajo;Bajo;Bajo;Bajo;Alto;3;No;Si;"Literarias;";Si;Baja;No;Si;Si;Si;"Jefe de departamento;Docentes;Estudiantes;Publico en general;Cientifica;";No;;;No;Si;No se;Si ;Si;No;Si;No;;4;Si;4;4;5;3;3;3;No se
78;45017.81134;45017.81793;anonymous;;28-32;Zona Urbana;Femenino;Si;Ingeniería en Sistemas;Quinto año o más;Si;5;5;3;1;Si;Si;Media;Media;"JavaScript;PHP;Python;C++;";Nulo;Bajo;Medio;Bajo;Medio;4;Si;Si;"Tecnologicas;";Si;Media;Si;;Si;Si;"Cientifica;Jefe de departamento;Docentes;Estudiantes;Publico en general;";Si;5;Si;No;Si;Si;No se;Si;Si;No;No;;10;Si;5;4;5;3;4;4;Si
79;45017.92495;45017.92829;anonymous;;28-32;Zona Urbana;Masculino;No;Ingeniería en Sistemas;Quinto año o más;Si;2;4;3;2;No;Si;Media;Media;"JavaScript;Python;";Nulo;Bajo;Medio;Bajo;Medio;2;Si;Si;"Matemáticas;Tecnologicas;";Si;Alta;;;Si;Si;"Cientifica;Jefe de departamento;Docentes;Estudiantes;Publico en general;";Si;2;Si;No;No;No se;Si ;Si;No;No;Si;"Arquitectura de computadoras;Inteligencia Artificial;";7;Si;4;4;3;3;3;4;Si
80;45017.95869;45017.96355;anonymous;;22-27;Zona Rural;Masculino;No;Ingeniería en Sistemas;Cuarto año;Si;4;5;4;3;Si;Si;Baja;Alta;"Python;JavaScript;C++;Java;";Bajo;Medio;Experto;Nulo;Medio;5;Si;Si;"Tecnologicas;";Si;Baja;Si;;Si;Si;"Docentes;Estudiantes;Publico en general;Cientifica;Jefe de departamento;";Si;4;No;Si;Si;Si;Si ;Si;No se;Si;No;;7;Si;4;5;4;3;1;3;Si
81;45018.44201;45018.44537;anonymous;;22-27;Zona Urbana;Masculino;Si;Ingeniería en Sistemas;Tercer año;Si;4;5;3;3;No;Si;Media;Media;"Python;JavaScript;C++;Java;";Nulo;Medio;Medio;Bajo;Medio;3;Si;No;;Si;Media;Si;;Si;Si;"Cientifica;Jefe de departamento;Docentes;Estudiantes;Publico en general;";Si;3;Si;Si;Si;Si;Si ;Si;No;No;Si;"Arquitectura de computadoras;";7;Si;5;5;3;5;3;3;Si
82;45018.48277;45018.48704;anonymous;;28-32;Zona Urbana;Masculino;Si;Ingeniería en Sistemas;Quinto año o más;Si;4;4;4;3;No;Si;Media;Media;"Python;JavaScript;C++;Java;";Nulo;Medio;Alto;Bajo;Medio;4;Si;Si;"Matemáticas;Tecnologicas;";Si;Media;Si;;Si;Si;"Cientifica;Jefe de departamento;Docentes;Estudiantes;Publico en general;";Si;2;No;No;No;Si;Si ;Si;No;Si;No;;8;Si;5;4;4;3;1;5;Si
83;45018.55719;45018.56503;anonymous;;22-27;Zona Urbana;Femenino;No;Ingeniería en Sistemas;Quinto año o más;Si;4;4;2;3;No;Si;Media;Media;"Python;JavaScript;C++;";Bajo;Medio;Alto;Alto;Medio;3;Si;Si;"Fisicas;Tecnologicas;";Si;Alta;;;Si;Si;"Cientifica;Jefe de departamento;Docentes;Estudiantes;Publico en general;";Si;5;Si;No;No;Si;Si ;Si;No;No;Si;"Inteligencia Artificial;Diseño Digital;";8;Si;2;4;3;3;4;4;Si
84;45018.63391;45018.63733;anonymous;;28-32;Zona Urbana;Femenino;No;Ingeniería en Sistemas;Quinto año o más;Si;2;5;2;3;Si;Si;Media;Media;"JavaScript;C++;Python;";Nulo;Bajo;Medio;Medio;Medio;3;Si;Si;"Tecnologicas;Literarias;";Si;Media;Si;;Si;Si;"Cientifica;Jefe de departamento;Docentes;Estudiantes;Publico en general;";Si;2;No;Si;Si;Si;Si ;Si;No;Si;No;;5;Si;4;5;5;3;5;4;No
85;45018.8117;45018.81541;anonymous;;22-27;Zona Urbana;Masculino;No;Ingeniería en Sistemas;Cuarto año;Si;3;5;3;1;No;Si;Media;Alta;"JavaScript;PHP;Java;";Nulo;Bajo;Experto;Nulo;Medio;3;Si;No;;Si;Baja;Si;;Si;Si;"Cientifica;Jefe de departamento;Docentes;Estudiantes;Publico en general;";Si;3;No;Si;Si;Si;Si ;Si;No;No;Si;"Arquitectura de computadoras;Inteligencia Artificial;Diseño Digital;";7;Si;5;5;5;5;5;4;No se
86;45018.83856;45018.84251;anonymous;;22-27;Zona Rural;Masculino;No;Ingeniería en Sistemas;Cuarto año;Si;4;5;3;3;Si;No;Alta;Media;"JavaScript;PHP;C++;";Nulo;Bajo;Alto;Nulo;Medio;4;Si;No;;Si;Baja;Si;;Si;Si;"Cientifica;Publico en general;Estudiantes;Jefe de departamento;Docentes;";Si;4;No;No;Si;Si;Si ;Si;Si;No;No;;8;Si;5;5;5;5;5;5;No
87;45018.86836;45018.87238;anonymous;;22-27;Zona Urbana;Femenino;Si;Ingeniería en Sistemas;Quinto año o más;No;2;3;2;2;Si;No;Alta;Media;"Python;JavaScript;PHP;";Nulo;Bajo;Alto;Bajo;Medio;3;No;Si;"Investigación ;";Si;Media;Si;;Si;Si;"Jefe de departamento;Docentes;Estudiantes;Cientifica;Publico en general;";No;;;No;Si;No se;No se;No se;No;No;Si;"Inteligencia Artificial;";7;Si;3;2;3;3;3;2;No se
88;45018.91014;45018.93839;anonymous;;28-32;Zona Urbana;Masculino;No;Ingeniería en Sistemas;Quinto año o más;Si;4;5;2;3;Si;Si;Media;Media;"JavaScript;PHP;C++;Java;";Nulo;Bajo;Medio;Bajo;Medio;4;Si;Si;"Tecnologicas;";Si;Media;Si;;Si;Si;"Jefe de departamento;Docentes;Cientifica;Estudiantes;Publico en general;";Si;3;No;No;Si;Si;Si ;Si;Si;Si;Si;"Inteligencia Artificial;Diseño Digital;";5;Si;3;4;4;4;3;3;No
89;45019.31953;45019.3249;anonymous;;22-27;Zona Urbana;Femenino;Si;Ingeniería en Sistemas;Primer año;No;3;4;4;4;Si;No;No tengo;Nula;;Nulo;Medio;Nulo;Nulo;Bajo;1;Si;No;;Si;Baja;Si;;Si;Si;"Jefe de departamento;Docentes;Estudiantes;Publico en general;Cientifica;";Si;2;Si;No;Si;Si;No se;No se;No;Si;No;;1;Si;1;3;4;3;4;4;No se
90;45019.41903;45019.43337;anonymous;;22-27;Zona Urbana;Masculino;No;Ingeniería en Sistemas;Cuarto año;Si;4;5;4;3;Si;Si;Baja;Alta;"JavaScript;Python;C++;";Bajo;Medio;Alto;Bajo;Medio;2;Si;No;;Si;Baja;Si;;Si;Si;"Cientifica;Docentes;Jefe de departamento;Estudiantes;Publico en general;";Si;4;Si;Si;No;Si;Si ;Si;No se;Si;Si;"Inteligencia Artificial;";8;Si;5;5;3;4;4;4;Si
91;45019.47891;45019.48362;anonymous;;22-27;Zona Rural;Femenino;No;Ingeniería en Sistemas;Quinto año o más;Si;3;4;5;2;No;Si;Media;Media;"JavaScript;";Nulo;Medio;Alto;Medio;Medio;3;No;No;;Si;Media;Si;;Si;Si;"Docentes;Jefe de departamento;Estudiantes;Cientifica;Publico en general;";No;;;Si;Si;No se;No se;Si;No;No;No;;5;Si;4;5;5;3;5;5;Si
92;45019.48822;45019.49294;anonymous;;22-27;Zona Urbana;Femenino;No;Ingeniería en Sistemas;Quinto año o más;Si;4;4;4;3;Si;Si;Baja;Baja;"Python;JavaScript;";Bajo;Alto;Experto;Medio;Alto;3;Si;No;;Si;Media;Si;;Si;Si;"Jefe de departamento;Docentes;Estudiantes;Cientifica;Publico en general;";No;;;No;Si;Si;Si ;Si;Si;Si;No;;7;Si;5;5;5;5;5;4;Si
93;45019.55719;45019.55977;anonymous;;Más de 32;Zona Urbana;Masculino;No;Ingeniería en Sistemas;Quinto año o más;Si;5;5;1;3;Si;Si;Media;Media;"JavaScript;Python;PHP;C++;";Nulo;Medio;Alto;Bajo;Bajo;4;Si;No;;No;Baja;No;No;Si;Si;"Cientifica;Jefe de departamento;Docentes;Estudiantes;Publico en general;";Si;3;Si;Si;No;Si;No;No;No;No;No;;3;No;3;3;3;3;3;3;Si
94;45019.7305;45019.73549;anonymous;;28-32;Zona Rural;Masculino;No;Ingeniería Eléctrica ;Quinto año o más;Si;4;5;3;2;No;Si;Media;Media;"C++;";Bajo;Bajo;Bajo;Bajo;Medio;3;No;Si;"Fisicas;Tecnologicas;Matemáticas;Innovación.;";Si;Baja;No;No;Si;Si;"Cientifica;Jefe de departamento;Docentes;Estudiantes;Publico en general;";Si;5;No;No;No;Si;Si ;Si;No;Si;Si;"Teoría de la probabilidad ;";10;Si;4;3;3;1;2;5;Si
95;45019.96429;45019.96828;anonymous;;22-27;Zona Urbana;Femenino;No;Ingeniería en Sistemas;Quinto año o más;Si;3;5;3;5;Si;Si;Media;Media;"JavaScript;Python;PHP;C++;";Nulo;Medio;Experto;Medio;Bajo;3;No;Si;"Fisicas;";Si;Baja;Si;;Si;Si;"Jefe de departamento;Docentes;Estudiantes;Cientifica;Publico en general;";Si;3;No;No;Si;Si;Si ;Si;No;Si;Si;"Inteligencia Artificial;";8;Si;5;5;5;3;5;3;No
96;45020.42424;45020.43009;anonymous;;22-27;Zona Urbana;Femenino;No;Ingeniería en Sistemas;Quinto año o más;Si;3;3;3;3;Si;Si;Baja;Media;"Python;PHP;";Nulo;Medio;Medio;Medio;Alto;3;No;No;;Si;Alta;;;Si;Si;"Estudiantes;Docentes;Publico en general;Cientifica;Jefe de departamento;";Si;3;No;No;Si;No se;Si ;Si;No se;Si;Si;"Arquitectura de computadoras;Inteligencia Artificial;";5;Si;5;5;5;5;3;3;No
97;45020.62579;45020.62897;anonymous;;22-27;Zona Urbana;Masculino;No;Ingeniería Eléctrica ;Quinto año o más;Si;4;5;5;3;No;Si;Media;Media;"C++;Python;C;";Bajo;Bajo;Medio;Alto;Alto;3;No;Si;"Tecnologicas;Matemáticas;";Si;Baja;No;Si;Si;Si;"Cientifica;Jefe de departamento;Docentes;Estudiantes;Publico en general;";Si;4;No;No;Si;Si;Si ;Si;No se;Si;Si;"Diseño Digital;Arquitectura de computadoras;";9;Si;4;4;4;4;3;4;No se
98;45020.64466;45020.64973;anonymous;;22-27;Zona Rural;Femenino;Si;Ingeniería en Sistemas;Cuarto año;Si;3;5;5;1;Si;No;Baja;Media;"JavaScript;PHP;C++;Python;";Bajo;Medio;Medio;Bajo;Medio;2;No;Si;"Tecnologicas;";Si;Media;Si;;Si;Si;"Cientifica;Jefe de departamento;Docentes;Estudiantes;Publico en general;";Si;3;No;No;No;Si;Si ;Si;No;No;No;;9;Si;4;5;4;4;5;5;Si
99;45020.7095;45020.71554;anonymous;;17-21;Zona Urbana;Masculino;No;Ingeniería Eléctrica ;Segundo año;No;5;5;5;5;No;No;No tengo;Nula;;Bajo;Bajo;Bajo;Bajo;Medio;3;Si;Si;"Fisicas;Matemáticas;Tecnologicas;";Si;Media;Si;;Si;Si;"Cientifica;Jefe de departamento;Docentes;Estudiantes;Publico en general;";No;;;No;No;Si;Si ;Si;No se;Si;Si;"Inteligencia Artificial;";8;Si;4;5;5;4;5;5;Si
100;45020.71882;45020.72272;anonymous;;17-21;Zona Urbana;Masculino;No;Ingeniería en Sistemas;Segundo año;No;3;4;2;3;No;Si;Media;Media;"C++;Python;";Medio;Medio;Medio;Medio;Medio;2;Si;Si;"Tecnologicas;Matemáticas;";No;Media;Si;;Si;Si;"Jefe de departamento;Cientifica;Publico en general;Docentes;Estudiantes;";No;;;No;Si;No se;Si ;Si;Si;Si;No;;5;Si;5;5;5;2;2;2;Si
101;45021.88693;45021.89022;anonymous;;22-27;Zona Rural;Masculino;Si;Ingeniería en Sistemas;Segundo año;Si;3;3;3;2;Si;No;Baja;Media;"Python;GO;C++;";Alto;Nulo;Medio;Nulo;Medio;5;Si;No;;Si;Baja;Si;;Si;Si;"Cientifica;Docentes;Estudiantes;Jefe de departamento;Publico en general;";Si;5;Si;Si;No;Si;Si ;Si;No;No;No;;10;Si;2;5;4;5;1;5;Si
102;45021.91895;45021.92171;anonymous;;17-21;Zona Urbana;Masculino;No;Ingeniería en Sistemas;Tercer año;Si;5;4;5;4;Si;Si;Alta;Media;"Python;JavaScript;Java;";Bajo;Bajo;Medio;Bajo;Medio;3;No;Si;"Tecnologicas;Matemáticas;Ciencias;";Si;Baja;Si;;Si;No;"Cientifica;Docentes;Jefe de departamento;Estudiantes;Publico en general;";Si;4;No;No;No;Si;Si ;Si;No se;Si;No;;10;Si;5;5;4;3;4;2;No
103;45022.63079;45022.6365;anonymous;;22-27;Zona Urbana;Masculino;No;Ingeniería en Sistemas;Cuarto año;Si;1;5;1;4;No;Si;Media;Media;"C++;C#, Java, VBasic;";Nulo;Medio;Medio;Bajo;Medio;4;No;No;;Si;Media;Si;;Si;Si;"Cientifica;Jefe de departamento;Docentes;Estudiantes;Publico en general;";Si;3;No;Si;Si;Si;Si ;Si;No se;Si;No;;8;Si;3;5;5;5;5;5;Si
104;45022.76971;45022.77434;anonymous;;22-27;Zona Urbana;Masculino;Si;Ingeniería en Sistemas;Tercer año;No;2;4;1;1;Si;Si;Media;Media;"Java;";Nulo;Bajo;Bajo;Nulo;Bajo;2;Si;No;;Si;Media;Si;;Si;Si;"Cientifica;Docentes;Estudiantes;Jefe de departamento;Publico en general;";Si;4;Si;No;Si;No se;Si ;Si;Si;Si;No;;8;Si;4;4;4;3;3;4;Si
105;45023.23229;45023.23721;anonymous;;28-32;Zona Urbana;Masculino;Si;Ingeniería en Sistemas;Tercer año;No;4;4;3;3;Si;Si;No tengo;Media;"JavaScript;C++;";Bajo;Medio;Medio;Bajo;Medio;4;Si;Si;"Tecnologicas;Literarias;";Si;Media;Si;;Si;Si;"Jefe de departamento;Cientifica;Docentes;Estudiantes;Publico en general;";Si;4;No;No;Si;Si;Si ;Si;No se;Si;Si;"Fisica;";8;Si;4;4;4;3;3;4;Si
106;45023.68025;45023.68574;anonymous;;22-27;Zona Urbana;Femenino;No;Ingeniería en Sistemas;Quinto año o más;Si;4;4;4;2;Si;Si;Media;Media;"JavaScript;PHP;Python;";Nulo;Medio;Alto;Medio;Alto;3;No;Si;"Tecnologicas;";Si;Media;Si;;Si;Si;"Cientifica;Jefe de departamento;Docentes;Estudiantes;Publico en general;";Si;2;Si;No;Si;Si;Si ;Si;No se;Si;Si;"Inteligencia Artificial;";5;Si;4;3;5;4;4;4;Si
107;45023.87977;45023.88387;anonymous;;22-27;Zona Urbana;Masculino;Si;Ingeniería en Sistemas;Segundo año;No;5;5;4;3;Si;Si;Alta;Media;"Java, c++, .net;";Bajo;Bajo;Medio;Medio;Bajo;4;No;Si;"Matemáticas;Fisicas;Tecnologicas;";Si;Media;Si;;Si;Si;"Cientifica;Jefe de departamento;Docentes;Estudiantes;Publico en general;";Si;4;No;No;No;Si;Si ;Si;No;Si;Si;"Inteligencia Artificial;Arquitectura de computadoras;";9;Si;5;5;5;3;3;3;No
108;45025.48817;45025.49022;anonymous;;17-21;Zona Urbana;Masculino;No;Ingeniería en Sistemas;Tercer año;No;2;4;4;3;Si;Si;Alta;Media;"Python;PHP;C++;Java;";Nulo;Bajo;Medio;Bajo;Medio;3;Si;Si;"Matemáticas;Fisicas;";Si;Baja;Si;;Si;Si;"Cientifica;Jefe de departamento;Docentes;Estudiantes;Publico en general;";Si;3;No;No;Si;Si;Si ;Si;No;No;No;;4;Si;3;3;4;2;4;3;No se
109;45025.52265;45025.52855;anonymous;;22-27;Zona Urbana;Masculino;No;Ingeniería en Sistemas;Quinto año o más;Si;3;5;2;1;No;Si;Baja;Media;"Python;JavaScript;";Medio;Medio;Medio;Medio;Medio;5;Si;No;;Si;Baja;Si;;Si;Si;"Publico en general;Docentes;Estudiantes;Cientifica;Jefe de departamento;";No;;;No;Si;Si;Si ;Si;No;Si;Si;"Arquitectura de computadoras;Diseño Digital;Inteligencia Artificial;";5;Si;3;4;5;3;5;4;Si
110;45025.90001;45025.91304;anonymous;;22-27;Zona Urbana;Masculino;Si;Ingeniería en Sistemas;Quinto año o más;No;3;5;2;2;Si;Si;Media;Media;"JavaScript;C++;Python;";Nulo;Bajo;Alto;Bajo;Medio;4;Si;Si;"Tecnologicas;";Si;Media;Si;;Si;Si;"Cientifica;Jefe de departamento;Docentes;Estudiantes;Publico en general;";Si;3;No;No;Si;Si;Si ;Si;No;Si;Si;"Arquitectura de computadoras;Diseño Digital;Inteligencia Artificial;Fisica 200;";8;Si;3;5;2;4;4;5;Si
111;45025.93294;45025.94309;anonymous;;17-21;Zona Urbana;Masculino;No;Ingeniería en Sistemas;Cuarto año;Si;3;5;2;2;Si;Si;Alta;Alta;"Python;JavaScript;GO;C++;";Bajo;Alto;Alto;Alto;Medio;4;No;No;;Si;Media;Si;;Si;Si;"Cientifica;Jefe de departamento;Docentes;Estudiantes;Publico en general;";Si;4;Si;Si;Si;No se;No se;Si;No;No;No;;6;Si;3;4;4;3;4;3;No
112;45027.67311;45027.67745;anonymous;;22-27;Zona Urbana;Masculino;No;Ingeniería en Sistemas;Quinto año o más;Si;4;5;5;2;No;Si;Media;Media;"JavaScript;";Nulo;Medio;Medio;Medio;Medio;3;Si;No;;No;Baja;Si;;Si;Si;"Cientifica;Jefe de departamento;Docentes;Estudiantes;Publico en general;";No;;;No;Si;No se;No se;No se;Si;No;No;;4;No;4;4;4;2;2;2;Si
113;45027.72376;45027.7291;anonymous;;22-27;Zona Urbana;Femenino;No;Ingeniería en Sistemas;Tercer año;No;3;4;2;3;Si;Si;Media;Media;"PHP;C++;C#;";Bajo;Medio;Medio;Medio;Bajo;3;No;Si;"Fisicas;Tecnologicas;Psicologia;";Si;Media;Si;;Si;No;"Cientifica;Jefe de departamento;Docentes;Estudiantes;Publico en general;";No;;;No;Si;Si;Si ;Si;Si;No;No;;7;Si;3;4;5;4;4;5;Si
114;45028.39368;45028.39816;anonymous;;17-21;Zona Urbana;Masculino;No;Ingeniería en Sistemas;Cuarto año;Si;4;5;3;3;No;Si;Media;Baja;"C++;";Medio;Medio;Bajo;Bajo;Medio;4;Si;Si;"Fisicas;Tecnologicas;Literarias;Históricas ;";Si;Media;Si;;Si;Si;"Cientifica;Jefe de departamento;Docentes;Estudiantes;Publico en general;";Si;2;Si;No;Si;Si;Si ;Si;No se;Si;Si;"Inteligencia Artificial;Diseño Digital;";9;Si;4;5;5;4;4;5;Si
115;45028.57297;45028.57571;anonymous;;22-27;Zona Rural;Masculino;Si;Ingeniería en Sistemas;Quinto año o más;Si;4;5;4;4;No;Si;Media;Media;"Python;JavaScript;PHP;GO;C++;";Bajo;Medio;Alto;Alto;Medio;4;No;No;;Si;Media;Si;;Si;Si;"Publico en general;Jefe de departamento;Docentes;Estudiantes;Cientifica;";Si;4;Si;Si;No;Si;No se;Si;No;Si;Si;"Arquitectura de computadoras;Diseño Digital;Inteligencia Artificial;";8;Si;5;5;5;5;5;5;Si
116;45028.73186;45028.73477;anonymous;;22-27;Zona Rural;Masculino;No;Ingeniería en Sistemas;Quinto año o más;Si;5;5;3;2;Si;Si;Alta;Media;"Python;";Bajo;Medio;Medio;Medio;Medio;5;Si;Si;"Tecnologicas;";Si;Alta;;;Si;Si;"Cientifica;Jefe de departamento;Docentes;Estudiantes;Publico en general;";Si;5;Si;Si;Si;No se;Si ;Si;Si;Si;Si;"Arquitectura de computadoras;Inteligencia Artificial;";10;Si;5;5;3;3;5;3;No se
117;45028.74061;45028.74436;anonymous;;28-32;Zona Rural;Femenino;Si;Ingeniería en Sistemas;Quinto año o más;Si;1;3;2;3;Si;Si;Media;Media;"Python;JavaScript;PHP;C++;";Nulo;Bajo;Medio;Medio;Medio;3;No;No;;Si;Baja;No;No;Si;Si;"Jefe de departamento;Docentes;Cientifica;Estudiantes;Publico en general;";No;;;No;No;Si;Si ;Si;No;Si;No;;8;Si;3;3;3;3;3;3;Si
118;45030.3542;45030.36417;anonymous;;22-27;Zona Urbana;Femenino;No;Ingeniería en Sistemas;Quinto año o más;Si;3;4;3;5;Si;No;Alta;Alta;"Python;JavaScript;C++;";Nulo;Medio;Alto;Medio;Medio;1;Si;No;;Si;Baja;Si;;Si;Si;"Cientifica;Jefe de departamento;Docentes;Estudiantes;Publico en general;";Si;3;;No;No;Si;No se;Si;Si;No;Si;"Inteligencia Artificial;";5;Si;4;4;4;4;4;4;No se
119;45031.88939;45031.89253;anonymous;;22-27;Zona Rural;Masculino;No;Ingeniería en Sistemas;Cuarto año;Si;5;5;4;3;No;Si;Baja;Alta;"Python;JavaScript;C++;";Nulo;Medio;Alto;Medio;Alto;2;Si;No;;Si;Media;Si;;Si;Si;"Cientifica;Jefe de departamento;Docentes;Estudiantes;Publico en general;";Si;3;Si;No;Si;Si;No se;Si;No se;No;No;;5;No;4;4;5;4;4;4;Si
120;45033.41902;45033.42341;anonymous;;22-27;Zona Urbana;Femenino;No;Ingeniería en Sistemas;Cuarto año;Si;3;2;2;3;No;Si;Media;Media;"JavaScript;PHP;C++;";Bajo;Alto;Medio;Bajo;Alto;4;Si;Si;"Matemáticas;Tecnologicas;Literarias;";Si;Media;Si;;Si;Si;"Cientifica;Jefe de departamento;Docentes;Estudiantes;Publico en general;";Si;3;Si;No;Si;Si;Si ;Si;No;No;No;;10;Si;5;4;5;3;3;3;Si
121;45033.45179;45033.45573;anonymous;;28-32;Zona Urbana;Masculino;No;Ingeniería en Sistemas;Segundo año;No;5;5;3;2;Si;No;Media;Media;"C++;JavaScript;Java;";Bajo;Medio;Alto;Bajo;Bajo;3;Si;Si;"Tecnologicas;";Si;Media;Si;;Si;Si;"Cientifica;Jefe de departamento;Docentes;Estudiantes;Publico en general;";No;;;No;Si;No se;No se;No se;No;Si;No;;10;Si;5;5;5;5;5;1;No se
